loyce_torp@bartell.net,Catarina de Lara,(27) 3794-4262
jackie1938@dibbert.net,Louise Solimões,(41) 3816-2466
maxine.jast@gorczany.info,Júlio Roriz,(81) 2131-8962
bruce1917@schmitt.net,Sr. Luiz Gustavo Alves Jr.,(82) 5389-3818
delphine1931@schumm.net,Cecília Arriaga,(91) 4873-0934
delphia_braun@gusikowski.com,Dr. Luiz Miguel Amoreira Neto,(91) 3878-3793
german.kuvalis@oberbrunner.name,Henry da Cunha,(82) 9 9624-3191
juliet_okon@rice.name,Raul da Cunha Filho,(62) 4638-9507
rowan1911@satterfield.org,Luiz da Barranca,(95) 2674-8705
cole1901@prohaska.info,Maria Flor Braga,(91) 4935-8023
claude_herman@koepp.info,Sr. Isabela Carvalho,(86) 2240-4746
keira.kemmer@hills.info,Sr. João Vitor Beltrão,(85) 5133-2314
mireille2075@robel.net,Davi Luiz Rezende,(71) 5961-8725
brielle1925@carter.net,Samuel Veloso,(85) 9 5206-1687
jerad1961@vandervort.name,Roberto Carneiro,(47) 5006-2858
izaiah2086@marquardt.com,Sr. Pedro Henrique Coqueiro Jr.,(95) 2400-9820
clinton_steuber@runolfsdottir.biz,Lorena Nascimento,(82) 9 7506-0929
lexie2013@heathcote.org,Pablo Bomdia,(92) 5728-5584
maverick1980@klocko.com,Marli Corrêa,(95) 3144-2146
wade2046@eichmann.info,Dra. Henry Assumpção,(11) 5632-4485
savanna2009@gottlieb.biz,Noah Ferreira,(71) 9 2860-6630
zola2047@towne.com,Marcelo da Penha,(83) 4235-7799
pinkie.hintz@nitzsche.org,Aurora Fontes,(65) 5300-5271
khalil.aufderhar@littel.biz,Sra. Clarice Conceição,(63) 5636-5284
alysa2058@mayert.org,Dr. Tiago da Silva,(84) 2580-9817
rose_stokes@dare.info,Lorena Goulart,(95) 9 7267-6991
dewitt_dickinson@jones.net,Davi Lucas Mendanha,(79) 3103-4998
raymond.corkery@deckow.com,Ana Aguiar,(63) 3957-4724
morgan_koepp@kiehn.org,Maya Rebouças,(91) 3873-9127
beth.crist@thompson.info,Leonardo Campos,(91) 3503-2369
jose.orn@schinner.org,Dra. Yango Jesus Neto,(75) 2019-3230
nolan.nolan@schaden.org,Hélio Carreira,(98) 4801-3806
merle.bartell@reichel.net,Ana Corrêa,(83) 9 2409-8821
kavon1965@walsh.org,Júlia Coqueiro,(82) 4533-4905
prince_emard@treutel.name,Eduardo da Cruz,(81) 3529-4861
mazie1942@yost.biz,Lavínia Costa,(63) 3243-8596
lorenza_weissnat@lakin.net,Giulia Nascimento Filho,(91) 9 4396-4473
madalyn.christiansen@haag.net,Meire Muniz,(31) 3071-6698
rashawn2030@hilpert.biz,Maria Alice Bulhões,(75) 4820-4022
dexter.lockman@balistreri.info,Salvador de Quadros,(67) 9 3804-6847
rosa_morissette@greenholt.biz,Célia Rios,(71) 4684-2023
elias2083@bayer.name,Pietro Nascimento,(21) 2457-1170
clyde.bartoletti@konopelski.name,Marina Paes,(21) 3482-5757
morgan.maggio@feest.net,Eloah Xavier,(79) 2273-4155
hollie_bartell@goldner.name,Clara Barreto,(68) 2508-0012
jermain.kihn@hyatt.net,Melissa Simão,(62) 5237-9853
johathan2013@herzog.com,Antonella Veles Filho,(51) 9 6112-6642
angela1929@kutch.org,Carlos Santos,(91) 4897-2240
viola2099@emmerich.com,Arthur Gabriel Gentil Filho,(71) 3135-4285
adaline_dubuque@maggio.org,Ana Júlia Tavares,(63) 2387-1736
